[
	{
		"pkg": "@capacitor-community/background-geolocation",
		"classpath": "com.equimaps.capacitor_background_geolocation.BackgroundGeolocation"
	},
	{
		"pkg": "@capacitor-community/camera-preview",
		"classpath": "com.ahm.capacitor.camera.preview.CameraPreview"
	},
	{
		"pkg": "@capacitor-community/facebook-login",
		"classpath": "com.getcapacitor.community.facebooklogin.FacebookLogin"
	},
	{
		"pkg": "@capacitor-community/fcm",
		"classpath": "com.getcapacitor.community.fcm.FCMPlugin"
	},
	{
		"pkg": "@capacitor-community/http",
		"classpath": "com.getcapacitor.plugin.http.Http"
	},
	{
		"pkg": "@capacitor/app",
		"classpath": "com.capacitorjs.plugins.app.AppPlugin"
	},
	{
		"pkg": "@capacitor/app-launcher",
		"classpath": "com.capacitorjs.plugins.applauncher.AppLauncherPlugin"
	},
	{
		"pkg": "@capacitor/camera",
		"classpath": "com.capacitorjs.plugins.camera.CameraPlugin"
	},
	{
		"pkg": "@capacitor/device",
		"classpath": "com.capacitorjs.plugins.device.DevicePlugin"
	},
	{
		"pkg": "@capacitor/filesystem",
		"classpath": "com.capacitorjs.plugins.filesystem.FilesystemPlugin"
	},
	{
		"pkg": "@capacitor/geolocation",
		"classpath": "com.capacitorjs.plugins.geolocation.GeolocationPlugin"
	},
	{
		"pkg": "@capacitor/network",
		"classpath": "com.capacitorjs.plugins.network.NetworkPlugin"
	},
	{
		"pkg": "@capacitor/push-notifications",
		"classpath": "com.capacitorjs.plugins.pushnotifications.PushNotificationsPlugin"
	},
	{
		"pkg": "@capacitor/share",
		"classpath": "com.capacitorjs.plugins.share.SharePlugin"
	},
	{
		"pkg": "@capacitor/toast",
		"classpath": "com.capacitorjs.plugins.toast.ToastPlugin"
	},
	{
		"pkg": "@codetrix-studio/capacitor-google-auth",
		"classpath": "com.codetrixstudio.capacitor.GoogleAuth.GoogleAuth"
	}
]
