{
  "appId": "com.bastisapp.mobileapp3",
  "appName": "Karenderia",
  "bundledWebRuntime": false,
  "npmClient": "npm",
  "webDir": "www",
  "plugins": {
    "PushNotifications": {
      "presentationOptions": [
        "badge",
        "sound",
        "alert"
      ]
    },
    "GoogleAuth": {
      "scopes": [
        "profile",
        "email"
      ],
      "serverClientId": "46158489047-vptkm75h1okppmo5k0btqor6n8hki0dp.apps.googleusercontent.com",
      "forceCodeForRefreshToken": true
    },
    "SplashScreen": {
      "androidScaleType": "CENTER_CROP"
    }
  }
}